nflId,name,team,age,height_in,weight_lb,base_snaps,losses,pressures,sacks,penalties,loss_rate,pressure_rate,sack_rate,penalty_rate,dropback_snaps,dropback_losses,dropback_loss_rate,dropback_pressures,dropback_pressure_rate,dropback_sacks,dropback_sack_rate,pa_snaps,pa_losses,pa_loss_rate,pa_pressures,pa_pressure_rate,pa_sacks,pa_sack_rate,rollout_snaps,rollout_losses,rollout_loss_rate,rollout_pressures,rollout_pressure_rate,rollout_sacks,rollout_sack_rate,lateral_speed,lateral_speed_snaps,sw_snaps,sw_losses,sw_loss_rate,sw_pressures,sw_pressure_rate,sw_sacks,sw_sack_rate,blitz_snaps,blitz_losses,blitz_loss_rate,blitz_pressures,blitz_pressure_rate,blitz_sacks,blitz_sack_rate,long_snaps,long_losses,long_loss_rate,long_pressures,long_pressure_rate,long_sacks,long_sack_rate,depth_lost_3s,depth_lost_3s_snaps
34472,Alex Mack,SF,35,76,311,218,7,3,1,0,0.03949986907567426,0.01923278345116523,0.004647813563760147,0.0004975124378109452,82,1,0.01754899393640672,1,0.01357505557865985,1,0.010715257561521599,68,5,0.06579542478992596,2,0.027098359875264825,0,0.0010563212644909424,13,0,0.023939314591317734,0,0.011656232394645595,0,0.00281685670530918,2.6484615384615386,13,4,1,0.07458322422972856,0,0.016027319542637693,0,0.0038731779698001224,48,3,0.05573525561049243,1,0.020362583367989774,0,0.0013670039893412197,102,6,0.055655716241913816,3,0.02774307925428938,1,0.008958657961272156,3.4742156862745097,102
37266,Jason Kelce,PHI,33,75,295,255,16,12,1,1,0.06421627840092033,0.04640782283577797,0.0040839804429105555,0.003715846994535519,81,4,0.052320055128895114,3,0.038892638185302565,0,0.0008087089985961497,57,7,0.10758864374049878,5,0.07698904489240986,1,0.014047787128028715,7,0,0.04756761363031135,0,0.03437616506353924,0,0.0030251706984522637,2.3535714285714286,7,12,1,0.0713851740005752,1,0.06025488927236123,0,0.0025524877768190973,61,3,0.052892908247140824,2,0.036150079712537767,0,0.0010083902328174212,144,11,0.07490442419523419,10,0.06663510034582658,1,0.006595607371086653,3.8025,144
38629,Ben Jones,TEN,32,75,308,272,21,14,1,0,0.07635392829900839,0.050168900512149936,0.003868366568595402,0.00041407867494824016,103,12,0.10997624850390379,8,0.07319819520522763,1,0.008759083994893562,76,2,0.036740401728960086,2,0.031285187606697906,0,0.0008059097017907088,13,0,0.046275108060005087,0,0.030405394249787842,0,0.0023444645870275165,3.0569230769230766,13,13,3,0.137184198969096,2,0.09101145485584845,0,0.0023444645870275165,75,8,0.10028503753663334,5,0.06319345273939998,0,0.0008143929618095584,108,13,0.11349280129672006,9,0.07815139070502343,1,0.008416932276343032,3.649259259259259,108
40070,J.C. Tretter,CLE,30,76,307,249,12,6,1,1,0.05212697295077157,0.02727219386258288,0.004165933227718125,0.00379041248606466,95,6,0.061239473556655925,1,0.01343864241088398,0,0.0007245101265596739,68,2,0.034574312034266266,1,0.01756186224149611,0,0.0009468030062995739,15,1,0.05835827025758376,0,0.015584110778618791,0,0.002380533272981786,2.3830000000000005,15,13,1,0.06189513512167975,1,0.046831632643989624,1,0.03282783831982916,54,3,0.05462891160831664,0,0.007370863206103482,0,0.0011259278993832771,122,6,0.04959534830292557,6,0.046094675191913084,1,0.007629004679960299,4.045901639344262,122
40151,Ryan Jensen,TB,30,76,319,308,22,13,1,2,0.07146917573262766,0.0423306870528276,0.0034793688130941884,0.0059590316573556795,112,10,0.08658623874736783,7,0.05944404349285266,0,0.0005271770928930589,58,2,0.043966455316058375,1,0.02367453514175067,0,0.0008921458495113304,3,0,0.06214710933271971,0,0.03680929308941531,0,0.0030255380983427727,1.6500000000000004,2,25,4,0.12065296699227895,2,0.06325808313459005,0,0.0015463861391529726,62,6,0.09060223798356772,3,0.04690992367142137,0,0.0008486265397790704,103,10,0.09292181719229718,8,0.07192368895167929,1,0.008695832327332387,3.6657281553398056,103
41293,Justin Britt,HOU,30,78,315,175,14,9,1,1,0.0781598440545809,0.04957504873294347,0.005536062378167642,0.005037037037037037,47,3,0.06810741613569579,1,0.02972389514416223,0,0.0016525559337813855,40,4,0.09271994801819364,3,0.06652501624431449,0,0.0018453541260558806,11,0,0.05042570584166509,0,0.031983902408350626,0,0.0035716531472049303,1.5163636363636357,11,11,6,0.24397409293843927,4,0.16101616047286677,0,0.0035716531472049303,49,8,0.1385970562477046,5,0.08683334745882419,1,0.016097409384976127,77,8,0.09858965856795482,8,0.09269588633668938,0,0.0011414561604469364,3.801428571428572,77
41322,Brandon Linder,JAX,29,78,315,163,12,7,1,0,0.07317354418911128,0.04297833786343794,0.0058479532163742695,0.0006259780907668231,52,7,0.11754820671919758,2,0.0397162049620661,0,0.0016244314489928526,38,1,0.04247363592727975,1,0.0320614958149786,0,0.0020165355918531965,11,0,0.0472087381865234,0,0.027727959911895445,0,0.003772873042822109,2.61,11,14,2,0.10186679069947721,2,0.08410490462555173,1,0.032851737186102514,33,3,0.08421643176947595,2,0.0539540897597879,1,0.021074699326933687,82,6,0.07317128317433554,5,0.0574467329143996,1,0.01095057906203417,3.8950000000000005,82
41390,Corey Linsley,LAC,30,75,301,274,8,4,0,1,0.035759150963829325,0.01899501841022309,0.0007580680095299979,0.0034979423868312758,100,4,0.03929319182730488,1,0.01149916973503718,0,0.00012634466825499964,65,1,0.020178623756195134,1,0.01623412197887602,0,0.00017836894341882303,16,0,0.019866194979905178,0,0.010552788005679496,0,0.0004211488941833322,2.484375,16,14,0,0.021034794684605482,0,0.0111735402413077,0,0.00044592235854705757,64,4,0.056133131181864124,2,0.028332147240529307,0,0.00018049238322142807,107,3,0.02925340960060304,2,0.018739372977987886,0,0.00011938078890236188,3.1391588785046727,107
41436,Matt Paradis,CAR,31,75,300,294,21,17,3,0,0.07147082823337413,0.055681354549163606,0.009434924520603835,0.0003875968992248062,110,15,0.1263801274205191,11,0.09318174685371748,1,0.00914383454163136,57,0,0.018563851489188085,0,0.014462689493289249,0,0.0024506297456113857,16,0,0.039706015685207846,0,0.03093408586064645,0,0.005241624733668797,2.5690625000000002,16,22,2,0.08165277534922577,2,0.07413397835674458,1,0.028302345009811353,80,14,0.15429416564667484,11,0.12113627090983271,2,0.021886984904120766,142,10,0.0705519541028857,10,0.06860263636409426,2,0.013510484508716523,3.7264788732394365,142
41619,Trey Hopkins,CIN,29,75,316,255,25,13,3,1,0.09372447512223181,0.049686511360368134,0.010641357492090883,0.003715846994535519,114,10,0.08861559330182564,5,0.044729330053786286,1,0.00905094887941655,52,5,0.0954790208672866,3,0.055468475377880036,1,0.0168448215255808,14,0,0.055132044189548125,0,0.029227359623745962,0,0.006259622054171108,2.563928571428572,14,23,7,0.20638347680103805,3,0.09287744714435726,1,0.028205282554460878,71,11,0.1414779066202707,5,0.06586516733194904,0,0.0023387598883716225,90,10,0.1079499045676785,8,0.0817611838837033,3,0.029207519544016524,3.479,90
42392,Mitch Morse,BUF,29,78,305,251,14,10,1,2,0.05842513259893921,0.040380019816984324,0.0041382526082648485,0.007087486157253599,92,5,0.055075916535524856,3,0.03399643211017577,0,0.0007389736800472944,62,3,0.05083539819486322,3,0.046434151174874226,0,0.001009329904454841,6,0,0.0449424096914917,0,0.031061553705372558,0,0.0031832712371268066,2.7108333333333334,6,19,6,0.18380776030714832,4,0.12327180503435094,1,0.027763206465776846,49,2,0.0459203282895476,1,0.02619710719332879,0,0.0011994935096419851,132,8,0.06031909639459726,8,0.057944739449603204,1,0.007123454290561164,3.603636363636363,132
42883,David Andrews,NE,29,75,300,286,19,10,0,0,0.06722013366750208,0.03617376775271512,0.0007309941520467837,0.0003968253968253968,103,6,0.059710590840244236,3,0.03027215735816506,0,0.00011886083773118433,78,6,0.0749428844219392,4,0.04819872811279901,0,0.0001491824800095477,6,0,0.05170779512884775,0,0.02782597519439625,0,0.0005623031938821412,3.1033333333333335,6,33,5,0.1197057108179253,2,0.05138632745385476,0,0.000275846849828975,103,10,0.09223091604349627,4,0.03840223865897807,0,0.00011886083773118433,111,11,0.09423208147595451,7,0.05895782713781911,0,0.00011160216061782956,3.8808108108108113,111
43307,Ryan Kelly,IND,28,76,309,258,19,14,2,0,0.07333105491000227,0.05244930508088402,0.007290954659375712,0.0004329004329004329,87,6,0.06978150559065463,5,0.05653258038895029,1,0.010708589655958077,55,5,0.08622161464266727,3,0.05398648135490241,0,0.001944254575833523,6,0,0.05640850377692482,0,0.04034561929298771,0,0.00560842666105824,2.3191666666666664,6,27,6,0.15886427868510736,4,0.1074252362046315,1,0.02437912964228754,66,7,0.09844908253720983,7,0.09359286164671722,1,0.013323477827761793,143,16,0.10715718465153401,12,0.08005512945777718,2,0.013164534314033829,3.72041958041958,143
43433,Connor McGovern,NYJ,28,76,306,271,20,10,1,2,0.07347652620648193,0.03786413073181396,0.003880417554790403,0.006645898234683281,109,9,0.08115915134984215,3,0.029126221818885887,1,0.00835355310926983,62,5,0.07889671370889803,3,0.04582051969068633,0,0.0009464433060464398,14,0,0.0432214860038129,0,0.022273018077537624,0,0.0022825985616414138,2.6900000000000004,14,18,1,0.06498764537183259,1,0.046244279332533667,0,0.002042325028837054,64,5,0.07701822052535283,3,0.04472955493614618,1,0.012828670846378667,129,13,0.09711094311496402,8,0.05877370882306228,1,0.0072322708127235446,3.7797674418604656,129
45012,Chase Roullier,WAS,28,76,312,273,18,10,0,0,0.0668296127315192,0.03762967790994514,0.0007604149693118245,0.000412796697626419,78,4,0.05445502300643249,2,0.02808768936937656,0,0.00015518672843098459,94,9,0.09067186188272267,5,0.05046134700174477,0,0.00013340613496698675,9,0,0.0460893880907029,0,0.02595150200685872,0,0.0005244241167667755,2.656111111111111,9,23,3,0.10085098266582287,1,0.04075798972555588,0,0.0003536813810752672,51,3,0.06107876414972372,1,0.024684416312660603,0,0.00021420139980614776,149,10,0.06708042754219162,7,0.04587333466389883,0,8.998993719666562e-05,4.253154362416107,149
45056,Kyle Fuller,SEA,27,77,320,197,23,13,2,0,0.10763548547482066,0.06135378933162867,0.009091554797925989,0.0005398110661268556,62,9,0.1360086549938587,3,0.05154970471503138,1,0.01441257434095756,49,5,0.10366245955791903,4,0.07575472154539961,0,0.0026352332747611564,16,0,0.05979749193045593,0,0.03408543851757148,0,0.0050508637766255495,2.22625,16,21,6,0.19884657828040034,4,0.12748965333250178,0,0.004434904779476092,51,8,0.14299591140135792,5,0.08770529276947286,1,0.01664550839378197,98,14,0.13688737041946114,10,0.09514471005620825,2,0.018490094033546775,4.00857142857143,98
46090,Billy Price,NYG,26,76,312,259,18,12,1,0,0.06985749162550389,0.04580707432010447,0.004031113382160904,0.0004314994606256742,85,10,0.10854428411914359,6,0.06586801415621038,1,0.010291640644221124,73,4,0.058033869166775026,3,0.04210904824088268,0,0.000866906103690517,21,0,0.034076825183172635,0,0.022344914302489985,0,0.0019663967717858067,1.841190476190476,21,28,1,0.04994062151062662,1,0.03991961430004353,0,0.0016796305759003765,77,7,0.08656855497433069,5,0.060991149344351445,0,0.0008311573983836915,113,10,0.08569285588353441,7,0.059519860800015714,1,0.008124979455964045,3.4440707964601778,113
46180,Brian Allen,LA,25,74,302,249,21,12,3,1,0.08222730739893211,0.047339083494689904,0.010854896438420466,0.00379041248606466,105,11,0.10115636918382914,4,0.03957425335915038,1,0.009736783430147274,60,3,0.05805682684973303,3,0.049334770873672475,0,0.0027137241096051165,21,0,0.040110881658015664,0,0.023092235851068246,0,0.005295071433375837,2.085952380952381,21,29,5,0.13560298261180903,4,0.10095472795701628,2,0.04524689650547774,58,9,0.13646854035870054,5,0.07624079063966407,2,0.02842433242010781,110,12,0.1049580472921434,10,0.08420601284533691,3,0.024746907144372377,3.7034545454545458,110
46284,Bradley Bozeman,BAL,26,77,317,253,16,11,2,0,0.06464014822534885,0.0434138150657171,0.007411267442533727,0.00044004400440044003,86,7,0.0782339902311979,4,0.04592713491805983,1,0.010832314611798817,80,4,0.05292802964506978,2,0.02868276301314342,1,0.011482253488506747,6,0,0.04972319094257604,0,0.03339524235824392,0,0.005700974955795175,2.200833333333333,6,18,3,0.11296849906597309,3,0.10179674477143005,0,0.003900667075017751,74,8,0.09885960600539338,6,0.07306676916291853,0,0.0015768654133050482,160,14,0.0849600164694832,10,0.06037931278507968,2,0.011934585271392637,3.4790625,160
46679,Evan Brown,DET,24,74,302,190,6,5,1,1,0.03994152046783626,0.02980994152046784,0.005190058479532164,0.004722222222222222,102,1,0.014744511552104305,0,0.004886875659093088,0,0.000850829258939699,30,1,0.0359766081871345,1,0.03192397660818713,0,0.0020760233918128658,7,0,0.029586311457656486,0,0.02208143816330951,0,0.003844487762616418,2.349285714285714,7,13,2,0.08481304270777955,2,0.07867269183058656,1,0.033448520290625554,34,1,0.03331167424734676,1,0.02955923760017327,0,0.001922243881308209,75,4,0.05051400430901816,3,0.03785472453062481,1,0.011618959679901508,3.8306666666666676,75
47801,Garrett Bradbury,MIN,26,75,305,254,26,20,2,2,0.09732225300092336,0.07287626962142198,0.007386888273314866,0.007017543859649123,102,12,0.11431512344277432,8,0.07752069993793803,1,0.009407686602182764,60,4,0.07433056325023084,3,0.055719067405355496,1,0.014346722068328715,20,0,0.04866112650046168,0,0.03643813481071099,0,0.0036934441366574334,2.40025,20,14,4,0.17489544294171963,3,0.13110368801260117,0,0.004345228396067568,64,7,0.10650529833355318,6,0.08878006419557666,0,0.0017587829222178253,108,13,0.11676910203139428,12,0.10513691712834719,2,0.016779201292705447,3.6397222222222214,108
48159,Sam Mustipher,CHI,25,74,311,248,22,12,1,0,0.08585894265866008,0.04749793947957141,0.004179912869421877,0.00044742729306487697,101,12,0.11336511448903473,6,0.057437675947036596,1,0.008955357499077997,62,1,0.033136327477721966,1,0.023779985238919856,0,0.0010194909437614334,15,0,0.04906225294780576,0,0.027141679702612238,0,0.002388521639669644,2.5203333333333333,15,14,3,0.13874055450509418,1,0.057351729105630245,0,0.0024587722761305157,80,10,0.11717178853173202,8,0.08949958789591428,0,0.0008359825738843754,114,10,0.08744163323263583,7,0.05932805066859275,1,0.008086554159615206,3.9000000000000004,114
48235,Andre James,LV,24,76,300,264,18,9,0,0,0.06874511118560733,0.0355235221812493,0.0007822103028271315,0.0004246284501061571,98,7,0.07097374765857752,4,0.03991924104766938,0,0.00013257801742832737,31,3,0.08578239654337541,0,0.013930793012254628,0,0.00030674913836358094,8,0,0.04910365084686238,0,0.02537394441517807,0,0.0005587216448765225,1.8512500000000003,8,30,3,0.08749804447424292,1,0.03420940887249972,0,0.00031288412113085256,67,6,0.0847689910771511,3,0.04264908555890789,0,0.00017981846042003022,108,10,0.08886642362275114,7,0.06023805034082021,0,0.0001222203598167393,4.19962962962963,108
52486,Matt Hennessy,ATL,23,76,290,289,30,13,1,1,0.09907364280908762,0.044703203436319415,0.003674377684624541,0.003343166175024582,125,16,0.12401015762883967,7,0.05444182116363026,1,0.007403362439258558,82,7,0.08805365545276228,3,0.03817709871300381,0,0.0007204662126714786,16,1,0.08281869044949312,1,0.05261289079795523,0,0.002041320935902523,2.915,16,15,2,0.11375636731947864,0,0.025544687677896808,0,0.0020996443912140238,78,9,0.11205584547124238,4,0.04993942927271825,0,0.0007498729968621513,95,8,0.0867954161407109,5,0.051252731032403374,1,0.009334674379934703,3.8070526315789475,95
52491,Lloyd Cushenberry,DEN,23,76,315,292,21,16,3,1,0.07188878629321843,0.05308299989740432,0.009490099517800348,0.003313840155945419,136,8,0.06049856234528441,7,0.051677307679154405,2,0.01403719224587184,76,4,0.05664349714442051,4,0.0527256249786259,1,0.012393770732875072,22,0,0.034232755377723065,0,0.025277618998763966,0,0.004519095008476356,1.5497727272727275,22,25,4,0.12083946057476375,1,0.04581466662106859,1,0.026440044230133485,66,9,0.1213694851844694,7,0.09374023253428009,1,0.01383490686460473,140,13,0.0902360982866523,11,0.07538537498717554,3,0.019936262439725044,3.766714285714286,140
52554,Tyler Biadasz,DAL,23,75,320,261,26,16,0,1,0.09513171997517911,0.058374231398431765,0.0007897557398318949,0.0036441586280814577,96,13,0.1284709862026171,7,0.07040935024110892,0,0.00013616478272963705,64,2,0.0464599333274236,2,0.03770815033295995,0,0.00018803708091235592,18,0,0.05006932630272585,0,0.03072327968338514,0,0.0004156609157009973,2.2675,18,25,7,0.1978363199889685,5,0.13705521395485856,0,0.0003510025510363977,92,11,0.11520209285271056,6,0.06399539846400568,0,0.00014102781068426693,110,12,0.10694334153464295,9,0.07821142021514335,0,0.00012150088305106074,3.7189999999999994,110
53492,Creed Humphrey,KC,,77,316,339,12,8,1,0,0.040066747846479955,0.02610381996121409,0.003202092635186939,0.00034275921165381317,91,5,0.05226427889125765,2,0.02272140900202056,1,0.009585962636970619,70,3,0.04223705507699555,2,0.028023071102492022,0,0.0007115761411526532,24,0,0.018212158112036345,0,0.011865372709642769,0,0.0014554966523576997,1.9904166666666665,24,16,0,0.022259304359155532,0,0.014502122200674495,0,0.0017789403528816329,35,2,0.05093336285326544,0,0.009492298167714215,0,0.0011643973218861598,164,8,0.04783334215722608,7,0.04088084999578414,1,0.00578283615599858,2.871158536585366,164
53516,Kendrick Green,PIT,,75,310,228,24,8,1,1,0.09923008961252051,0.03652656821910893,0.004480626025495394,0.00407673860911271,126,18,0.13688083419349595,5,0.03925021482453547,0,0.0006137843870541635,26,1,0.06488264765761761,1,0.037620247051786494,0,0.001948098271954519,8,0,0.07087863543751464,0,0.026090405870792092,0,0.003200447161068138,2.15625,8,21,3,0.1215756534695222,1,0.04220808205810192,0,0.0021856712319489723,41,6,0.1308951113483674,2,0.044762809252166864,0,0.0014690577132771782,58,4,0.07672566400321039,3,0.047827325184386905,1,0.013969391288588562,3.8074137931034486,58
